/******************************************************************************/
/****          Generated by IBExpert 2.5.0.49 27/04/2004 09:37:36          ****/
/******************************************************************************/

SET NAMES NONE;

CREATE DATABASE '10.21.152.6:/dados/AGENDA.FDB'
USER 'SYSDBA' PASSWORD 'masterkey'
PAGE_SIZE 1024
DEFAULT CHARACTER SET NONE;



/******************************************************************************/
/****                                Tables                                ****/
/******************************************************************************/

CREATE TABLE AMBIENTES (
    ID_AMBIENTE         INTEGER NOT NULL,
    NOME                VARCHAR(40),
    DESCRICAO           VARCHAR(200),
    CAPACIDADE_PESSOAS  INTEGER,
    CUSTO               NUMERIC(15,2),
    PER_MINIMO          VARCHAR(60),
    HORA_INDUSTRIA      NUMERIC(15,2),
    HORA_COMUNIDADE     NUMERIC(15,2),
    HORA_CONVENIADO     NUMERIC(15,2)
);

CREATE TABLE CODIGOS (
    NO_CAMPO  VARCHAR(30) NOT NULL,
    NR_ATUAL  INTEGER
);

CREATE TABLE EVENTOS (
    ID_EVENTO               INTEGER NOT NULL,
    DATA_PREENCHIMENTO      DATE NOT NULL,
    ID_TIPO_EVENTO          INTEGER NOT NULL,
    DESCRICAO               VARCHAR(200),
    SOLICITANTE             VARCHAR(40),
    PUBLICO_CAPACIDADE      INTEGER,
    OUTRAS_INFORMACOES      VARCHAR(100),
    AREA_RESP_EVENTO        VARCHAR(50),
    PESSOA_CONTATO          VARCHAR(40),
    CARGO_PESSOA_CONTATO    VARCHAR(40),
    EMAIL_PESSOA_CONTATO    VARCHAR(50),
    EMAIL_OPCIONAL          VARCHAR(50),
    FONE_PESSOA_CONTATO     VARCHAR(15),
    CELULAR_PESSOA_CONTATO  VARCHAR(15),
    ID_USUARIO              INTEGER,
    VALOR                   NUMERIC(15,2)
);

CREATE TABLE RECURSOS (
    ID_RECURSO         INTEGER NOT NULL,
    NUMERO_PATRIMONIO  INTEGER,
    DESCRICAO          VARCHAR(200),
    LOCALIZACAO        VARCHAR(50),
    CUSTO              NUMERIC(15,2)
);

CREATE TABLE RECURSOS_RESERVA (
    ID_RECURSOS_RESERVA  INTEGER NOT NULL,
    ID_RESERVA           INTEGER NOT NULL,
    ID_RECURSO           INTEGER NOT NULL,
    STATUS               INTEGER
);

CREATE TABLE RESERVAS (
    ID_RESERVA   INTEGER NOT NULL,
    ID_EVENTO    INTEGER NOT NULL,
    ID_AMBIENTE  INTEGER NOT NULL,
    DATA         DATE,
    STATUS       INTEGER,
    H_INICIO     DATE,
    H_FIM        DATE
);

CREATE TABLE TIPOS_EVENTO (
    ID_TIPO_EVENTO  INTEGER NOT NULL,
    NOME            VARCHAR(30)
);



INSERT INTO AMBIENTES (ID_AMBIENTE, NOME, DESCRICAO, CAPACIDADE_PESSOAS, CUSTO, PER_MINIMO, HORA_INDUSTRIA, HORA_COMUNIDADE, HORA_CONVENIADO) VALUES (3, 'SALA DE REUNIÃO 9º ANDAR', '', 10, 0, NULL, NULL, NULL, NULL);
INSERT INTO AMBIENTES (ID_AMBIENTE, NOME, DESCRICAO, CAPACIDADE_PESSOAS, CUSTO, PER_MINIMO, HORA_INDUSTRIA, HORA_COMUNIDADE, HORA_CONVENIADO) VALUES (4, 'SALA DE REUNIÃO 6º ANDAR', NULL, 10, 0, NULL, NULL, NULL, NULL);
INSERT INTO AMBIENTES (ID_AMBIENTE, NOME, DESCRICAO, CAPACIDADE_PESSOAS, CUSTO, PER_MINIMO, HORA_INDUSTRIA, HORA_COMUNIDADE, HORA_CONVENIADO) VALUES (1, 'AUDITÓRIO JOÃO BÊNIO', '', 252, 160, NULL, NULL, NULL, NULL);
INSERT INTO AMBIENTES (ID_AMBIENTE, NOME, DESCRICAO, CAPACIDADE_PESSOAS, CUSTO, PER_MINIMO, HORA_INDUSTRIA, HORA_COMUNIDADE, HORA_CONVENIADO) VALUES (2, 'MINI AUDITÓRIO 10º ANDAR', '', 63, 0, 'aaaaaaaaaaaaa', NULL, NULL, NULL);
INSERT INTO AMBIENTES (ID_AMBIENTE, NOME, DESCRICAO, CAPACIDADE_PESSOAS, CUSTO, PER_MINIMO, HORA_INDUSTRIA, HORA_COMUNIDADE, HORA_CONVENIADO) VALUES (5, 'SALA DE TREINAMENTO DO RH', NULL, 15, 0, NULL, NULL, NULL, NULL);
INSERT INTO AMBIENTES (ID_AMBIENTE, NOME, DESCRICAO, CAPACIDADE_PESSOAS, CUSTO, PER_MINIMO, HORA_INDUSTRIA, HORA_COMUNIDADE, HORA_CONVENIADO) VALUES (6, 'SALÃO DE FESTAS 4º ANDAR', NULL, 0, 0, NULL, NULL, NULL, NULL);
INSERT INTO AMBIENTES (ID_AMBIENTE, NOME, DESCRICAO, CAPACIDADE_PESSOAS, CUSTO, PER_MINIMO, HORA_INDUSTRIA, HORA_COMUNIDADE, HORA_CONVENIADO) VALUES (7, 'CONSELHO TEMÁTICO 1 3º ANDAR', NULL, 0, 0, NULL, NULL, NULL, NULL);
INSERT INTO AMBIENTES (ID_AMBIENTE, NOME, DESCRICAO, CAPACIDADE_PESSOAS, CUSTO, PER_MINIMO, HORA_INDUSTRIA, HORA_COMUNIDADE, HORA_CONVENIADO) VALUES (8, 'CONSELHO TEMÁTICO 2 3º ANDAR', NULL, 0, 0, NULL, NULL, NULL, NULL);
INSERT INTO AMBIENTES (ID_AMBIENTE, NOME, DESCRICAO, CAPACIDADE_PESSOAS, CUSTO, PER_MINIMO, HORA_INDUSTRIA, HORA_COMUNIDADE, HORA_CONVENIADO) VALUES (9, 'CONSELHO TEMÁTICO 3 3º ANDAR', NULL, 0, 0, NULL, NULL, NULL, NULL);
INSERT INTO AMBIENTES (ID_AMBIENTE, NOME, DESCRICAO, CAPACIDADE_PESSOAS, CUSTO, PER_MINIMO, HORA_INDUSTRIA, HORA_COMUNIDADE, HORA_CONVENIADO) VALUES (10, 'CONSELHO TEMÁTICO 4 3º ANDAR', NULL, 0, 0, NULL, NULL, NULL, NULL);
INSERT INTO AMBIENTES (ID_AMBIENTE, NOME, DESCRICAO, CAPACIDADE_PESSOAS, CUSTO, PER_MINIMO, HORA_INDUSTRIA, HORA_COMUNIDADE, HORA_CONVENIADO) VALUES (11, 'CONSELHO TEMÁTICO 1, 2, 3, 4 3º ANDAR', NULL, 0, 0, NULL, NULL, NULL, NULL);

COMMIT WORK;

INSERT INTO CODIGOS (NO_CAMPO, NR_ATUAL) VALUES ('ID_TIPO_EVENTO', 5);
INSERT INTO CODIGOS (NO_CAMPO, NR_ATUAL) VALUES ('ID_RECURSO', 3);
INSERT INTO CODIGOS (NO_CAMPO, NR_ATUAL) VALUES ('ID_AMBIENTE', 13);
INSERT INTO CODIGOS (NO_CAMPO, NR_ATUAL) VALUES ('ID_EVENTO', 3);
INSERT INTO CODIGOS (NO_CAMPO, NR_ATUAL) VALUES ('ID_RESERVA', 61);

COMMIT WORK;

INSERT INTO EVENTOS (ID_EVENTO, DATA_PREENCHIMENTO, ID_TIPO_EVENTO, DESCRICAO, SOLICITANTE, PUBLICO_CAPACIDADE, OUTRAS_INFORMACOES, AREA_RESP_EVENTO, PESSOA_CONTATO, CARGO_PESSOA_CONTATO, EMAIL_PESSOA_CONTATO, EMAIL_OPCIONAL, FONE_PESSOA_CONTATO, CELULAR_PESSOA_CONTATO, ID_USUARIO, VALOR) VALUES (2, '2004-05-15 00:00:00', 2, 'Como Ganhar Muito Dinheiro', 'CELIO GARCIA DE SOUZA evento 2', NULL, 'AAAAAAAAAAAAAAAAAAAAAAAA  AAAAAAAAAAAAAAAAAAAAAAAA  BBBBBBBBBBBBBBBBBBBBBBBBBBBB', 'AAAAAAAAA', 'DFKDSF KSDJF', 'PROGRAMADOR', 'DSKJFK SDJFKDSJ', 'DSFK SDKF KSDFJDKSJ', '251-3131', '3166-5756', NULL, 6000);
INSERT INTO EVENTOS (ID_EVENTO, DATA_PREENCHIMENTO, ID_TIPO_EVENTO, DESCRICAO, SOLICITANTE, PUBLICO_CAPACIDADE, OUTRAS_INFORMACOES, AREA_RESP_EVENTO, PESSOA_CONTATO, CARGO_PESSOA_CONTATO, EMAIL_PESSOA_CONTATO, EMAIL_OPCIONAL, FONE_PESSOA_CONTATO, CELULAR_PESSOA_CONTATO, ID_USUARIO, VALOR) VALUES (3, '2004-04-02 00:00:00', 2, 'A Arte Cortar Cabelo', 'Celio', NULL, 'sdlfjk ksdjf sdkflsdklfsdlf ds  sdf lsdfl sdkflsdklfks dlfksdlf  sdf dkskf kdslf kdslfksldkflsdkf', 'Spd', 'Margarida', 'Programador', 'celio@sdfkfds.dsfjksd.br', 'aaaaaaaaaaaaaaaaaaaaaaaa', '295-5445', '646-5464', NULL, 950);
INSERT INTO EVENTOS (ID_EVENTO, DATA_PREENCHIMENTO, ID_TIPO_EVENTO, DESCRICAO, SOLICITANTE, PUBLICO_CAPACIDADE, OUTRAS_INFORMACOES, AREA_RESP_EVENTO, PESSOA_CONTATO, CARGO_PESSOA_CONTATO, EMAIL_PESSOA_CONTATO, EMAIL_OPCIONAL, FONE_PESSOA_CONTATO, CELULAR_PESSOA_CONTATO, ID_USUARIO, VALOR) VALUES (1, '2004-04-20 00:00:00', 1, 'Palestra do Delphi', 'Célio evento 1', NULL, 'aaaaaaaaaaa  bbbbbbbbbbb  ccccccccccc', 'Spd', 'Divani', 'Programador', 'celio@sesigo.org.br', 'celio3000@bol.com.be', '296-7269', '9968-0145', NULL, 1000);

COMMIT WORK;

INSERT INTO RECURSOS (ID_RECURSO, NUMERO_PATRIMONIO, DESCRICAO, LOCALIZACAO, CUSTO) VALUES (1, 64884, 'data show sony', 'informática', 125);
INSERT INTO RECURSOS (ID_RECURSO, NUMERO_PATRIMONIO, DESCRICAO, LOCALIZACAO, CUSTO) VALUES (2, 5688, 'note book toshiba satelitte', 'informatica', 250);

COMMIT WORK;

INSERT INTO RESERVAS (ID_RESERVA, ID_EVENTO, ID_AMBIENTE, DATA, STATUS, H_INICIO, H_FIM) VALUES (1, 1, 1, '2004-04-01 00:00:00', NULL, '1899-12-30 15:00:00', '1899-12-30 16:00:00');
INSERT INTO RESERVAS (ID_RESERVA, ID_EVENTO, ID_AMBIENTE, DATA, STATUS, H_INICIO, H_FIM) VALUES (8, 1, 2, '2004-04-01 00:00:00', NULL, '1899-12-30 15:00:00', '1899-12-30 16:00:00');
INSERT INTO RESERVAS (ID_RESERVA, ID_EVENTO, ID_AMBIENTE, DATA, STATUS, H_INICIO, H_FIM) VALUES (18, 1, 2, '2004-04-01 00:00:00', NULL, '1899-12-30 07:00:00', '1899-12-30 09:20:00');
INSERT INTO RESERVAS (ID_RESERVA, ID_EVENTO, ID_AMBIENTE, DATA, STATUS, H_INICIO, H_FIM) VALUES (43, 2, 2, '2004-04-01 00:00:00', NULL, '1899-12-30 13:31:00', '1899-12-30 14:00:00');
INSERT INTO RESERVAS (ID_RESERVA, ID_EVENTO, ID_AMBIENTE, DATA, STATUS, H_INICIO, H_FIM) VALUES (32, 2, 2, '2004-04-01 00:00:00', NULL, '1899-12-30 12:00:00', '1899-12-30 13:30:00');
INSERT INTO RESERVAS (ID_RESERVA, ID_EVENTO, ID_AMBIENTE, DATA, STATUS, H_INICIO, H_FIM) VALUES (57, 3, 2, '2004-04-10 00:00:00', NULL, '1899-12-30 14:00:00', '1899-12-30 16:00:00');
INSERT INTO RESERVAS (ID_RESERVA, ID_EVENTO, ID_AMBIENTE, DATA, STATUS, H_INICIO, H_FIM) VALUES (58, 3, 2, '2004-04-10 00:00:00', NULL, '1899-12-30 16:01:00', '1899-12-30 17:00:00');

COMMIT WORK;

INSERT INTO TIPOS_EVENTO (ID_TIPO_EVENTO, NOME) VALUES (1, 'Empréstimo');
INSERT INTO TIPOS_EVENTO (ID_TIPO_EVENTO, NOME) VALUES (2, 'Locação');
INSERT INTO TIPOS_EVENTO (ID_TIPO_EVENTO, NOME) VALUES (3, 'Locação com isenção de taxa');

COMMIT WORK;



/******************************************************************************/
/****                             Primary Keys                             ****/
/******************************************************************************/

ALTER TABLE AMBIENTES ADD CONSTRAINT PK_AMBIENTES PRIMARY KEY (ID_AMBIENTE);
ALTER TABLE EVENTOS ADD CONSTRAINT PK_EVENTOS PRIMARY KEY (ID_EVENTO);
ALTER TABLE RECURSOS ADD CONSTRAINT PK_RECURSOS PRIMARY KEY (ID_RECURSO);
ALTER TABLE RECURSOS_RESERVA ADD CONSTRAINT PK_RECURSOS_RESERVA PRIMARY KEY (ID_RECURSOS_RESERVA);
ALTER TABLE RESERVAS ADD CONSTRAINT PK_RESERVAS PRIMARY KEY (ID_RESERVA);
ALTER TABLE TIPOS_EVENTO ADD CONSTRAINT PK_TIPOS_EVENTO PRIMARY KEY (ID_TIPO_EVENTO);
